{
  "1": {
    "x_max": 13.107263565063477,
    "x_min": -13.584211349487305,
    "z_max": 5.076096534729004,
    "z_min": -5.587161064147949
  },
  "2": {
    "x_max": 9.533926010131836,
    "x_min": -10.753643989562988,
    "z_max": 4.914644241333008,
    "z_min": -4.425420761108398
  },
  "4": {
    "x_max": 7.040346145629883,
    "x_min": -8.261558294296265,
    "z_max": 5.65861177444458,
    "z_min": -5.204401016235352
  },
  "5": {
    "x_max": 10.284771203994751,
    "x_min": -11.080201864242554,
    "z_max": 5.062201499938965,
    "z_min": -5.761043071746826
  }
}