{
  "1": {
    "0": {
      "0": {
        "x": -0.35421134948730426,
        "y": 0.0,
        "z": 2.2528389358520506
      },
      "1": {
        "x": 0.6257886505126944,
        "y": 0.0,
        "z": -3.6271610641479493
      },
      "2": {
        "x": -11.134211349487305,
        "y": 0.0,
        "z": 3.232838935852051
      },
      "3": {
        "x": -5.744211349487305,
        "y": 0.0,
        "z": 2.2528389358520506
      },
      "4": {
        "x": 10.915788650512695,
        "y": 0.0,
        "z": -2.6471610641479493
      },
      "5": {
        "x": 6.505788650512695,
        "y": 0.0,
        "z": -2.6471610641479493
      }
    },
    "1": {
      "0": {
        "x": 0.6257886505126944,
        "y": 0.0,
        "z": 1.7628389358520504
      },
      "1": {
        "x": 0.13578865051269418,
        "y": 0.0,
        "z": -3.6271610641479493
      },
      "2": {
        "x": -11.134211349487305,
        "y": 0.0,
        "z": 3.232838935852051
      },
      "3": {
        "x": -5.744211349487305,
        "y": 0.0,
        "z": 2.742838935852051
      },
      "4": {
        "x": 9.935788650512695,
        "y": 0.0,
        "z": -2.6471610641479493
      },
      "5": {
        "x": 6.505788650512695,
        "y": 0.0,
        "z": -2.6471610641479493
      }
    },
    "2": {
      "0": {
        "x": 0.13578865051269418,
        "y": 0.0,
        "z": 2.2528389358520506
      },
      "1": {
        "x": 0.6257886505126944,
        "y": 0.0,
        "z": -3.6271610641479493
      },
      "2": {
        "x": -11.134211349487305,
        "y": 0.0,
        "z": 2.742838935852051
      },
      "3": {
        "x": -5.744211349487305,
        "y": 0.0,
        "z": 2.742838935852051
      },
      "4": {
        "x": 10.915788650512695,
        "y": 0.0,
        "z": -3.137161064147949
      },
      "5": {
        "x": 6.505788650512695,
        "y": 0.0,
        "z": -2.6471610641479493
      }
    }
  },
  "2": {
    "0": {
      "0": {
        "x": -4.873643989562988,
        "y": 0.0,
        "z": 2.434579238891601
      },
      "1": {
        "x": -8.793643989562987,
        "y": 0.0,
        "z": 0.4745792388916019
      },
      "2": {
        "x": 3.946356010437011,
        "y": 0.0,
        "z": 3.4145792388916014
      },
      "3": {
        "x": -0.9536439895629876,
        "y": 0.0,
        "z": 3.4145792388916014
      },
      "4": {
        "x": 5.906356010437012,
        "y": 0.0,
        "z": -2.4654207611083985
      },
      "5": {
        "x": -0.9536439895629876,
        "y": 0.0,
        "z": 0.4745792388916019
      },
      "6": {
        "x": 8.356356010437011,
        "y": 0.0,
        "z": 2.434579238891601
      },
      "7": {
        "x": 0.5163560104370113,
        "y": 0.0,
        "z": -2.4654207611083985
      }
    },
    "1": {
      "0": {
        "x": -4.873643989562988,
        "y": 0.0,
        "z": 3.4145792388916014
      },
      "1": {
        "x": -8.793643989562987,
        "y": 0.0,
        "z": 0.4745792388916019
      },
      "2": {
        "x": 4.436356010437011,
        "y": 0.0,
        "z": 2.434579238891601
      },
      "3": {
        "x": -0.9536439895629876,
        "y": 0.0,
        "z": 2.434579238891601
      },
      "4": {
        "x": 6.39635601043701,
        "y": 0.0,
        "z": -2.4654207611083985
      },
      "5": {
        "x": -0.9536439895629876,
        "y": 0.0,
        "z": 0.4745792388916019
      },
      "6": {
        "x": 8.356356010437011,
        "y": 0.0,
        "z": 2.434579238891601
      },
      "7": {
        "x": 0.5163560104370113,
        "y": 0.0,
        "z": -2.4654207611083985
      }
    },
    "2": {
      "0": {
        "x": -4.873643989562988,
        "y": 0.0,
        "z": 3.4145792388916014
      },
      "1": {
        "x": -8.793643989562987,
        "y": 0.0,
        "z": 0.4745792388916019
      },
      "2": {
        "x": 3.946356010437011,
        "y": 0.0,
        "z": 3.4145792388916014
      },
      "3": {
        "x": -0.9536439895629876,
        "y": 0.0,
        "z": 3.4145792388916014
      },
      "4": {
        "x": 5.906356010437012,
        "y": 0.0,
        "z": -2.4654207611083985
      },
      "5": {
        "x": -0.9536439895629876,
        "y": 0.0,
        "z": 0.4745792388916019
      },
      "6": {
        "x": 8.356356010437011,
        "y": 0.0,
        "z": 2.434579238891601
      },
      "7": {
        "x": 0.5163560104370113,
        "y": 0.0,
        "z": -2.4654207611083985
      }
    }
  },
  "4": {
    "0": {
      "0": {
        "x": -6.791558294296265,
        "y": 0.0,
        "z": 1.1655989837646485
      },
      "1": {
        "x": -5.321558294296265,
        "y": 0.0,
        "z": 4.105598983764649
      },
      "2": {
        "x": 4.968441705703736,
        "y": 0.0,
        "z": 3.1255989837646485
      },
      "3": {
        "x": -6.301558294296265,
        "y": 0.0,
        "z": -2.2644010162353516
      },
      "4": {
        "x": 3.9884417057037354,
        "y": 0.0,
        "z": -3.734401016235352
      },
      "5": {
        "x": -1.4015582942962652,
        "y": 0.0,
        "z": -2.7544010162353514
      },
      "6": {
        "x": 5.458441705703734,
        "y": 0.0,
        "z": 0.6755989837646483
      }
    },
    "1": {
      "0": {
        "x": -6.301558294296265,
        "y": 0.0,
        "z": 1.1655989837646485
      },
      "1": {
        "x": -6.301558294296265,
        "y": 0.0,
        "z": 4.105598983764649
      },
      "2": {
        "x": 5.458441705703734,
        "y": 0.0,
        "z": 3.6155989837646487
      },
      "3": {
        "x": -5.321558294296265,
        "y": 0.0,
        "z": -2.7544010162353514
      },
      "4": {
        "x": 3.9884417057037354,
        "y": 0.0,
        "z": -3.734401016235352
      },
      "5": {
        "x": -1.4015582942962652,
        "y": 0.0,
        "z": -3.734401016235352
      },
      "6": {
        "x": 3.9884417057037354,
        "y": 0.0,
        "z": 0.18559898376464812
      }
    },
    "2": {
      "0": {
        "x": -6.301558294296265,
        "y": 0.0,
        "z": 1.1655989837646485
      },
      "1": {
        "x": -6.791558294296265,
        "y": 0.0,
        "z": 4.105598983764649
      },
      "2": {
        "x": 4.478441705703736,
        "y": 0.0,
        "z": 3.6155989837646487
      },
      "3": {
        "x": -6.301558294296265,
        "y": 0.0,
        "z": -2.7544010162353514
      },
      "4": {
        "x": 3.9884417057037354,
        "y": 0.0,
        "z": -3.734401016235352
      },
      "5": {
        "x": -1.4015582942962652,
        "y": 0.0,
        "z": -3.734401016235352
      },
      "6": {
        "x": 4.968441705703736,
        "y": 0.0,
        "z": 0.18559898376464812
      }
    }
  },
  "5": {
    "0": {
      "0": {
        "x": -8.630201864242554,
        "y": 0.0,
        "z": -3.311043071746826
      },
      "1": {
        "x": -2.7502018642425536,
        "y": 0.0,
        "z": 2.568956928253174
      },
      "2": {
        "x": 3.1297981357574454,
        "y": 0.0,
        "z": -2.8210430717468262
      },
      "3": {
        "x": -2.7502018642425536,
        "y": 0.0,
        "z": -2.3310430717468265
      },
      "4": {
        "x": 8.519798135757448,
        "y": 0.0,
        "z": -2.8210430717468262
      },
      "5": {
        "x": 3.1297981357574454,
        "y": 0.0,
        "z": 3.5489569282531743
      }
    },
    "1": {
      "0": {
        "x": -8.630201864242554,
        "y": 0.0,
        "z": -2.8210430717468262
      },
      "1": {
        "x": -2.7502018642425536,
        "y": 0.0,
        "z": 2.568956928253174
      },
      "2": {
        "x": 3.1297981357574454,
        "y": 0.0,
        "z": -2.3310430717468265
      },
      "3": {
        "x": -2.7502018642425536,
        "y": 0.0,
        "z": -2.8210430717468262
      },
      "4": {
        "x": 8.519798135757448,
        "y": 0.0,