prismatic,actual
0.6,0.3690047
0.7,0.4305331
0.8,0.541028
0.9,0.6430742
1,0.7396532
1.1,0.8399721
1.2,0.9403697
1.3,1.0405
1.4,1.137194
1.5,1.237186
